Total Average Response Time,Requests/s
20.365322352956674,0.000000
25.32539427083691,0.000000
33.62457491525598,42.500000
43.04084201031476,64.000000
52.50683595284871,73.750000
61.53801920530269,77.000000
69.41685441595972,84.666667
74.46373148148965,85.857143
80.2886038592624,87.250000
88.5235089820521,89.111111
99.85220707886916,87.800000
107.83863448832395,99.000000
115.22784859260365,102.500000
126.51913780655205,103.500000
131.7826566834937,104.400000
141.4822989349253,106.900000
152.7077980663118,106.400000
161.88740671917358,107.900000
170.4048043371259,109.500000
177.70644045838554,108.200000
190.17768795928677,112.400000
202.50171034629645,113.100000
212.9795081004603,112.300000
226.08612589735367,111.200000
236.8676024408473,110.000000
244.47424263291123,110.800000
254.30814624616164,110.400000
265.8006025666497,109.400000
277.25199189361916,109.900000
286.56484358347444,112.000000
297.3502624298113,110.500000
308.29236131429855,110.700000
322.1124312050966,111.900000
330.24164618702173,111.500000
341.1698511378566,113.600000
350.59945498852545,112.600000
359.4234007226591,109.900000
370.4804913494039,110.500000
381.4245464637055,109.600000
385.7247965548958,109.900000
396.9289193273573,110.200000
406.3936737658384,108.200000
419.8210239255952,105.400000
427.3909898635914,108.300000
438.06466220633524,106.100000
446.55702776564294,103.200000
454.2110531620959,104.700000
462.0356120883328,108.300000
468.9511828358224,110.100000
479.043388884847,107.300000
490.581078531881,108.200000
497.15056783265857,109.000000
503.4859798309172,113.400000
519.4457511956871,110.200000
522.3792838816868,108.900000
