Total Average Response Time,Requests/s
30.95025185182659,0.000000
42.63564226188183,0.000000
55.59494743084567,40.500000
67.69790426137298,56.000000
79.02320561799692,63.000000
92.84280035780657,70.400000
105.51905909093297,73.500000
121.69872266841537,78.714286
134.2305641402909,81.000000
144.81264279961954,84.777778
154.92719981968008,87.700000
165.80556827475218,98.500000
177.59692750761795,100.900000
186.31250000001972,104.700000
196.1205799746723,105.800000
206.4875892878378,107.300000
219.46044942593988,111.100000
229.06356254547754,113.800000
238.37232009710993,116.300000
248.2260584062861,114.400000
258.2686851593392,116.200000
268.7644655950104,116.500000
276.6675655862561,117.400000
289.7190594450984,115.600000
301.1002220636853,117.500000
308.97784385535493,117.700000
323.4009933895653,115.800000
333.87215968690657,113.100000
344.54658403151177,111.800000
356.0655979262107,113.300000
366.3680941003085,109.600000
379.4764476272276,108.300000
392.65582585826223,108.700000
399.14367395049766,108.400000
412.4734930548429,107.900000
425.12151046217525,108.500000
433.73942972306105,107.900000
451.9150739981076,106.900000
458.7442109407807,106.800000
465.1774089362799,109.000000
477.51557076992196,111.200000
486.2900759259383,113.800000
505.1644732071635,110.800000
515.8172634694861,113.800000
528.6445264658784,114.300000
537.4468431849535,112.000000
545.4239231583143,112.100000
553.1840721731103,113.900000
561.0614005702865,114.300000
572.2186963434445,111.600000
577.3606504396901,110.300000
584.3799072466416,111.400000
595.7494703640824,116.000000
611.8812375582297,112.100000
624.9027108099403,110.600000
