Total Average Response Time,Requests/s
11.76578216557567,0.000000
16.00987478989836,0.000000
19.660203985500114,90.000000
23.407028437906362,128.500000
27.026763674751024,153.333333
30.6495680140451,164.000000
34.73777466959467,170.800000
39.20555808868417,171.333333
42.91636053361873,174.285714
46.904272238943,181.875000
50.09651741090307,181.300000
53.31566481703562,190.200000
56.18685801936431,194.000000
59.401874445157624,200.200000
66.5234168401621,208.400000
71.29724513606297,217.500000
74.54340716400449,217.900000
77.27930806893532,215.200000
81.10612284782354,214.500000
85.29039903486373,223.300000
89.97102061747499,234.900000
94.00304023099454,243.600000
98.41713941022168,248.700000
102.46965672585128,248.000000
106.14536919071848,246.100000
110.00331609692218,242.700000
114.47722910652637,254.400000
118.31286347179642,261.500000
122.49113966622518,264.400000
127.43669019042426,257.800000
131.80680811274595,256.800000
136.77222628614018,258.900000
141.67924192464127,257.700000
146.46252172387324,254.300000
151.29850809139356,253.100000
156.48994619736183,246.500000
162.3936738533002,248.100000
169.524750785554,247.100000
175.31740879863418,244.100000
180.80218315440615,234.400000
185.16138687323294,230.800000
189.61154142605173,221.200000
193.54277664891552,220.100000
197.4594960199819,223.200000
201.26221491463528,230.600000
205.44706740403015,233.600000
209.7582336798073,238.000000
213.61179352749932,244.000000
218.0263932358083,260.900000
222.18648185052504,267.900000
226.13369729749846,279.700000
229.54522247691665,282.100000
233.16048347600594,285.100000
236.7315042792218,285.600000
239.76807175216166,286.500000
