Total Average Response Time,Requests/s
11.470631034511428,0.000000
15.13497983194443,0.000000
19.410782527897275,102.000000
22.907932914929503,138.500000
27.02809796574878,150.000000
30.162222484144834,157.500000
33.63557288007128,166.200000
38.16096700000647,169.333333
42.04676715716054,169.285714
46.29695150714446,171.375000
50.22901811024328,172.600000
54.26524042905068,178.900000
57.022487103831175,186.100000
59.90123682976958,195.200000
65.56015952905415,206.100000
70.41694046278357,213.800000
73.86019145206537,211.300000
76.87938686430964,209.800000
80.89091210752787,215.500000
84.40399901057732,226.300000
88.56029005337068,234.200000
92.50216069063254,244.400000
97.31038157895568,241.700000
101.66979238061995,238.000000
105.99594198848985,239.200000
109.93935188420653,238.400000
114.2109678880735,252.700000
118.8233585174273,265.900000
122.49751118562574,266.900000
126.76170400937666,267.700000
130.83186756757553,263.800000
135.30735802294882,267.000000
140.38214498058232,270.200000
146.3430730077827,262.000000
150.48108361003796,258.100000
155.0455518510086,250.100000
161.31158687423502,247.100000
169.6971130672553,242.600000
175.39409522027935,239.200000
181.69677191980477,224.900000
186.08609494654485,221.500000
190.11872588374314,215.900000
194.665066345424,217.400000
198.45972967105,221.200000
201.99728424912058,232.300000
206.31409997362988,231.800000
210.1026277792123,240.100000
213.97067709188792,247.500000
218.05870209779155,261.400000
222.22980820287893,269.200000
226.2791616467308,278.200000
229.8815451305166,277.500000
233.39454122996958,278.600000
237.1455033570737,279.200000
240.23919286629123,277.100000
