Total Average Response Time,Requests/s
12.415550561834177,0.000000
15.508224477615393,0.000000
19.693144528298703,104.000000
23.530604217680498,131.500000
26.72100498938274,146.000000
30.57976332752491,156.250000
33.99153323442508,168.000000
38.422446862995706,173.666667
42.72207643097857,174.285714
46.94521666667295,176.375000
50.69986666667057,180.700000
54.02416852446014,187.000000
56.76633496603663,194.600000
59.56172838283953,204.000000
65.42438503422589,211.800000
69.58357120725083,217.100000
73.54043274695734,210.400000
76.69383334168816,210.500000
80.12664428235163,216.000000
84.11675252614987,226.200000
89.37116962586943,232.300000
92.89517098962392,239.100000
97.91812101898691,240.000000
101.32787623157112,236.000000
105.89084352358053,236.700000
109.93322577167922,236.900000
114.6415822270786,248.400000
118.77802440270193,255.200000
123.0621173862961,254.300000
127.81877875310893,252.500000
132.4189577662112,255.500000
136.61029993528211,258.500000
141.16686289101793,262.200000
146.6456224260209,256.300000
151.2161484608108,249.800000
156.18063428341557,247.900000
161.91643794617593,248.000000
169.30852920237143,244.700000
174.90883775893434,241.000000
180.13441044369966,227.800000
184.53932570150297,225.500000
189.34855755154325,215.500000
193.50487354294367,212.800000
197.6687881249993,216.600000
201.51288789635626,232.300000
205.47978562610047,236.300000
208.99268341513675,243.500000
213.16868474547834,249.300000
216.8389902790273,263.800000
221.13605191877195,270.900000
225.52856813066578,279.800000
229.5905275340286,282.900000
233.05160336477894,286.100000
236.14742069241527,286.100000
238.95148791836255,286.700000
